path,label,speaker,domain
CASIA/CASIA中文语音情感识别/CASIA database/ZhaoZuoxiang/angry/201.wav,angry,ZhaoZuoxiang,0
CASIA/CASIA中文语音情感识别/CASIA database/ZhaoZuoxiang/angry/202.wav,angry,ZhaoZuoxiang,0
CASIA/CASIA中文语音情感识别/CASIA database/ZhaoZuoxiang/angry/203.wav,angry,ZhaoZuoxiang,0
CASIA/CASIA中文语音情感识别/CASIA database/ZhaoZuoxiang/angry/204.wav,angry,ZhaoZuoxiang,0
CASIA/CASIA中文语音情感识别/CASIA database/ZhaoZuoxiang/angry/205.wav,angry,ZhaoZuoxiang,0
CASIA/CASIA中文语音情感识别/CASIA database/ZhaoZuoxiang/angry/206.wav,angry,ZhaoZuoxiang,0
CASIA/CASIA中文语音情感识别/CASIA database/ZhaoZuoxiang/angry/207.wav,angry,ZhaoZuoxiang,0
CASIA/CASIA中文语音情感识别/CASIA database/ZhaoZuoxiang/angry/208.wav,angry,ZhaoZuoxiang,0
CASIA/CASIA中文语音情感识别/CASIA database/ZhaoZuoxiang/angry/209.wav,angry,ZhaoZuoxiang,0
CASIA/CASIA中文语音情感识别/CASIA database/ZhaoZuoxiang/angry/210.wav,angry,ZhaoZuoxiang,0
CASIA/CASIA中文语音情感识别/CASIA database/ZhaoZuoxiang/angry/211.wav,angry,ZhaoZuoxiang,0
CASIA/CASIA中文语音情感识别/CASIA database/ZhaoZuoxiang/angry/212.wav,angry,ZhaoZuoxiang,0
CASIA/CASIA中文语音情感识别/CASIA database/ZhaoZuoxiang/angry/213.wav,angry,ZhaoZuoxiang,0
CASIA/CASIA中文语音情感识别/CASIA database/ZhaoZuoxiang/angry/214.wav,angry,ZhaoZuoxiang,0
CASIA/CASIA中文语音情感识别/CASIA database/ZhaoZuoxiang/angry/215.wav,angry,ZhaoZuoxiang,0
CASIA/CASIA中文语音情感识别/CASIA database/ZhaoZuoxiang/angry/216.wav,angry,ZhaoZuoxiang,0
CASIA/CASIA中文语音情感识别/CASIA database/ZhaoZuoxiang/angry/217.wav,angry,ZhaoZuoxiang,0
CASIA/CASIA中文语音情感识别/CASIA database/ZhaoZuoxiang/angry/218.wav,angry,ZhaoZuoxiang,0
CASIA/CASIA中文语音情感识别/CASIA database/ZhaoZuoxiang/angry/219.wav,angry,ZhaoZuoxiang,0
CASIA/CASIA中文语音情感识别/CASIA database/ZhaoZuoxiang/angry/220.wav,angry,ZhaoZuoxiang,0
CASIA/CASIA中文语音情感识别/CASIA database/ZhaoZuoxiang/angry/221.wav,angry,ZhaoZuoxiang,0
CASIA/CASIA中文语音情感识别/CASIA database/ZhaoZuoxiang/angry/222.wav,angry,ZhaoZuoxiang,0
CASIA/CASIA中文语音情感识别/CASIA database/ZhaoZuoxiang/angry/223.wav,angry,ZhaoZuoxiang,0
CASIA/CASIA中文语音情感识别/CASIA database/ZhaoZuoxiang/angry/224.wav,angry,ZhaoZuoxiang,0
CASIA/CASIA中文语音情感识别/CASIA database/ZhaoZuoxiang/angry/225.wav,angry,ZhaoZuoxiang,0
CASIA/CASIA中文语音情感识别/CASIA database/ZhaoZuoxiang/angry/226.wav,angry,ZhaoZuoxiang,0
CASIA/CASIA中文语音情感识别/CASIA database/ZhaoZuoxiang/angry/227.wav,angry,ZhaoZuoxiang,0
CASIA/CASIA中文语音情感识别/CASIA database/ZhaoZuoxiang/angry/228.wav,angry,ZhaoZuoxiang,0
CASIA/CASIA中文语音情感识别/CASIA database/ZhaoZuoxiang/angry/229.wav,angry,ZhaoZuoxiang,0
CASIA/CASIA中文语音情感识别/CASIA database/ZhaoZuoxiang/angry/230.wav,angry,ZhaoZuoxiang,0
CASIA/CASIA中文语音情感识别/CASIA database/ZhaoZuoxiang/angry/231.wav,angry,ZhaoZuoxiang,0
CASIA/CASIA中文语音情感识别/CASIA database/ZhaoZuoxiang/angry/232.wav,angry,ZhaoZuoxiang,0
CASIA/CASIA中文语音情感识别/CASIA database/ZhaoZuoxiang/angry/233.wav,angry,ZhaoZuoxiang,0
CASIA/CASIA中文语音情感识别/CASIA database/ZhaoZuoxiang/angry/234.wav,angry,ZhaoZuoxiang,0
CASIA/CASIA中文语音情感识别/CASIA database/ZhaoZuoxiang/angry/235.wav,angry,ZhaoZuoxiang,0
CASIA/CASIA中文语音情感识别/CASIA database/ZhaoZuoxiang/angry/236.wav,angry,ZhaoZuoxiang,0
CASIA/CASIA中文语音情感识别/CASIA database/ZhaoZuoxiang/angry/237.wav,angry,ZhaoZuoxiang,0
CASIA/CASIA中文语音情感识别/CASIA database/ZhaoZuoxiang/angry/238.wav,angry,ZhaoZuoxiang,0
CASIA/CASIA中文语音情感识别/CASIA database/ZhaoZuoxiang/angry/239.wav,angry,ZhaoZuoxiang,0
CASIA/CASIA中文语音情感识别/CASIA database/ZhaoZuoxiang/angry/240.wav,angry,ZhaoZuoxiang,0
CASIA/CASIA中文语音情感识别/CASIA database/ZhaoZuoxiang/angry/241.wav,angry,ZhaoZuoxiang,0
CASIA/CASIA中文语音情感识别/CASIA database/ZhaoZuoxiang/angry/242.wav,angry,ZhaoZuoxiang,0
CASIA/CASIA中文语音情感识别/CASIA database/ZhaoZuoxiang/angry/243.wav,angry,ZhaoZuoxiang,0
CASIA/CASIA中文语音情感识别/CASIA database/ZhaoZuoxiang/angry/244.wav,angry,ZhaoZuoxiang,0
CASIA/CASIA中文语音情感识别/CASIA database/ZhaoZuoxiang/angry/245.wav,angry,ZhaoZuoxiang,0
CASIA/CASIA中文语音情感识别/CASIA database/ZhaoZuoxiang/angry/246.wav,angry,ZhaoZuoxiang,0
CASIA/CASIA中文语音情感识别/CASIA database/ZhaoZuoxiang/angry/247.wav,angry,ZhaoZuoxiang,0
CASIA/CASIA中文语音情感识别/CASIA database/ZhaoZuoxiang/angry/248.wav,angry,ZhaoZuoxiang,0
CASIA/CASIA中文语音情感识别/CASIA database/ZhaoZuoxiang/angry/249.wav,angry,ZhaoZuoxiang,0
CASIA/CASIA中文语音情感识别/CASIA database/ZhaoZuoxiang/angry/250.wav,angry,ZhaoZuoxiang,0
CASIA/CASIA中文语音情感识别/CASIA database/ZhaoZuoxiang/fear/201.wav,fear,ZhaoZuoxiang,0
CASIA/CASIA中文语音情感识别/CASIA database/ZhaoZuoxiang/fear/202.wav,fear,ZhaoZuoxiang,0
CASIA/CASIA中文语音情感识别/CASIA database/ZhaoZuoxiang/fear/203.wav,fear,ZhaoZuoxiang,0
CASIA/CASIA中文语音情感识别/CASIA database/ZhaoZuoxiang/fear/204.wav,fear,ZhaoZuoxiang,0
CASIA/CASIA中文语音情感识别/CASIA database/ZhaoZuoxiang/fear/205.wav,fear,ZhaoZuoxiang,0
CASIA/CASIA中文语音情感识别/CASIA database/ZhaoZuoxiang/fear/206.wav,fear,ZhaoZuoxiang,0
CASIA/CASIA中文语音情感识别/CASIA database/ZhaoZuoxiang/fear/207.wav,fear,ZhaoZuoxiang,0
CASIA/CASIA中文语音情感识别/CASIA database/ZhaoZuoxiang/fear/208.wav,fear,ZhaoZuoxiang,0
CASIA/CASIA中文语音情感识别/CASIA database/ZhaoZuoxiang/fear/209.wav,fear,ZhaoZuoxiang,0
CASIA/CASIA中文语音情感识别/CASIA database/ZhaoZuoxiang/fear/210.wav,fear,ZhaoZuoxiang,0
CASIA/CASIA中文语音情感识别/CASIA database/ZhaoZuoxiang/fear/211.wav,fear,ZhaoZuoxiang,0
CASIA/CASIA中文语音情感识别/CASIA database/ZhaoZuoxiang/fear/212.wav,fear,ZhaoZuoxiang,0
CASIA/CASIA中文语音情感识别/CASIA database/ZhaoZuoxiang/fear/213.wav,fear,ZhaoZuoxiang,0
CASIA/CASIA中文语音情感识别/CASIA database/ZhaoZuoxiang/fear/214.wav,fear,ZhaoZuoxiang,0
CASIA/CASIA中文语音情感识别/CASIA database/ZhaoZuoxiang/fear/215.wav,fear,ZhaoZuoxiang,0
CASIA/CASIA中文语音情感识别/CASIA database/ZhaoZuoxiang/fear/216.wav,fear,ZhaoZuoxiang,0
CASIA/CASIA中文语音情感识别/CASIA database/ZhaoZuoxiang/fear/217.wav,fear,ZhaoZuoxiang,0
CASIA/CASIA中文语音情感识别/CASIA database/ZhaoZuoxiang/fear/218.wav,fear,ZhaoZuoxiang,0
CASIA/CASIA中文语音情感识别/CASIA database/ZhaoZuoxiang/fear/219.wav,fear,ZhaoZuoxiang,0
CASIA/CASIA中文语音情感识别/CASIA database/ZhaoZuoxiang/fear/220.wav,fear,ZhaoZuoxiang,0
CASIA/CASIA中文语音情感识别/CASIA database/ZhaoZuoxiang/fear/221.wav,fear,ZhaoZuoxiang,0
CASIA/CASIA中文语音情感识别/CASIA database/ZhaoZuoxiang/fear/222.wav,fear,ZhaoZuoxiang,0
CASIA/CASIA中文语音情感识别/CASIA database/ZhaoZuoxiang/fear/223.wav,fear,ZhaoZuoxiang,0
CASIA/CASIA中文语音情感识别/CASIA database/ZhaoZuoxiang/fear/224.wav,fear,ZhaoZuoxiang,0
CASIA/CASIA中文语音情感识别/CASIA database/ZhaoZuoxiang/fear/225.wav,fear,ZhaoZuoxiang,0
CASIA/CASIA中文语音情感识别/CASIA database/ZhaoZuoxiang/fear/226.wav,fear,ZhaoZuoxiang,0
CASIA/CASIA中文语音情感识别/CASIA database/ZhaoZuoxiang/fear/227.wav,fear,ZhaoZuoxiang,0
CASIA/CASIA中文语音情感识别/CASIA database/ZhaoZuoxiang/fear/228.wav,fear,ZhaoZuoxiang,0
CASIA/CASIA中文语音情感识别/CASIA database/ZhaoZuoxiang/fear/229.wav,fear,ZhaoZuoxiang,0
CASIA/CASIA中文语音情感识别/CASIA database/ZhaoZuoxiang/fear/230.wav,fear,ZhaoZuoxiang,0
CASIA/CASIA中文语音情感识别/CASIA database/ZhaoZuoxiang/fear/231.wav,fear,ZhaoZuoxiang,0
CASIA/CASIA中文语音情感识别/CASIA database/ZhaoZuoxiang/fear/232.wav,fear,ZhaoZuoxiang,0
CASIA/CASIA中文语音情感识别/CASIA database/ZhaoZuoxiang/fear/233.wav,fear,ZhaoZuoxiang,0
CASIA/CASIA中文语音情感识别/CASIA database/ZhaoZuoxiang/fear/234.wav,fear,ZhaoZuoxiang,0
CASIA/CASIA中文语音情感识别/CASIA database/ZhaoZuoxiang/fear/235.wav,fear,ZhaoZuoxiang,0
CASIA/CASIA中文语音情感识别/CASIA database/ZhaoZuoxiang/fear/236.wav,fear,ZhaoZuoxiang,0
CASIA/CASIA中文语音情感识别/CASIA database/ZhaoZuoxiang/fear/237.wav,fear,ZhaoZuoxiang,0
CASIA/CASIA中文语音情感识别/CASIA database/ZhaoZuoxiang/fear/238.wav,fear,ZhaoZuoxiang,0
CASIA/CASIA中文语音情感识别/CASIA database/ZhaoZuoxiang/fear/239.wav,fear,ZhaoZuoxiang,0
CASIA/CASIA中文语音情感识别/CASIA database/ZhaoZuoxiang/fear/240.wav,fear,ZhaoZuoxiang,0
CASIA/CASIA中文语音情感识别/CASIA database/ZhaoZuoxiang/fear/241.wav,fear,ZhaoZuoxiang,0
CASIA/CASIA中文语音情感识别/CASIA database/ZhaoZuoxiang/fear/242.wav,fear,ZhaoZuoxiang,0
CASIA/CASIA中文语音情感识别/CASIA database/ZhaoZuoxiang/fear/243.wav,fear,ZhaoZuoxiang,0
CASIA/CASIA中文语音情感识别/CASIA database/ZhaoZuoxiang/fear/244.wav,fear,ZhaoZuoxiang,0
CASIA/CASIA中文语音情感识别/CASIA database/ZhaoZuoxiang/fear/245.wav,fear,ZhaoZuoxiang,0
CASIA/CASIA中文语音情感识别/CASIA database/ZhaoZuoxiang/fear/246.wav,fear,ZhaoZuoxiang,0
CASIA/CASIA中文语音情感识别/CASIA database/ZhaoZuoxiang/fear/247.wav,fear,ZhaoZuoxiang,0
CASIA/CASIA中文语音情感识别/CASIA database/ZhaoZuoxiang/fear/248.wav,fear,ZhaoZuoxiang,0
CASIA/CASIA中文语音情感识别/CASIA database/ZhaoZuoxiang/fear/249.wav,fear,ZhaoZuoxiang,0
CASIA/CASIA中文语音情感识别/CASIA database/ZhaoZuoxiang/fear/250.wav,fear,ZhaoZuoxiang,0
CASIA/CASIA中文语音情感识别/CASIA database/ZhaoZuoxiang/happy/201.wav,happy,ZhaoZuoxiang,0
CASIA/CASIA中文语音情感识别/CASIA database/ZhaoZuoxiang/happy/202.wav,happy,ZhaoZuoxiang,0
CASIA/CASIA中文语音情感识别/CASIA database/ZhaoZuoxiang/happy/203.wav,happy,ZhaoZuoxiang,0
CASIA/CASIA中文语音情感识别/CASIA database/ZhaoZuoxiang/happy/204.wav,happy,ZhaoZuoxiang,0
CASIA/CASIA中文语音情感识别/CASIA database/ZhaoZuoxiang/happy/205.wav,happy,ZhaoZuoxiang,0
CASIA/CASIA中文语音情感识别/CASIA database/ZhaoZuoxiang/happy/206.wav,happy,ZhaoZuoxiang,0
CASIA/CASIA中文语音情感识别/CASIA database/ZhaoZuoxiang/happy/207.wav,happy,ZhaoZuoxiang,0
CASIA/CASIA中文语音情感识别/CASIA database/ZhaoZuoxiang/happy/208.wav,happy,ZhaoZuoxiang,0
CASIA/CASIA中文语音情感识别/CASIA database/ZhaoZuoxiang/happy/209.wav,happy,ZhaoZuoxiang,0
CASIA/CASIA中文语音情感识别/CASIA database/ZhaoZuoxiang/happy/210.wav,happy,ZhaoZuoxiang,0
CASIA/CASIA中文语音情感识别/CASIA database/ZhaoZuoxiang/happy/211.wav,happy,ZhaoZuoxiang,0
CASIA/CASIA中文语音情感识别/CASIA database/ZhaoZuoxiang/happy/212.wav,happy,ZhaoZuoxiang,0
CASIA/CASIA中文语音情感识别/CASIA database/ZhaoZuoxiang/happy/213.wav,happy,ZhaoZuoxiang,0
CASIA/CASIA中文语音情感识别/CASIA database/ZhaoZuoxiang/happy/214.wav,happy,ZhaoZuoxiang,0
CASIA/CASIA中文语音情感识别/CASIA database/ZhaoZuoxiang/happy/215.wav,happy,ZhaoZuoxiang,0
CASIA/CASIA中文语音情感识别/CASIA database/ZhaoZuoxiang/happy/216.wav,happy,ZhaoZuoxiang,0
CASIA/CASIA中文语音情感识别/CASIA database/ZhaoZuoxiang/happy/217.wav,happy,ZhaoZuoxiang,0
CASIA/CASIA中文语音情感识别/CASIA database/ZhaoZuoxiang/happy/218.wav,happy,ZhaoZuoxiang,0
CASIA/CASIA中文语音情感识别/CASIA database/ZhaoZuoxiang/happy/219.wav,happy,ZhaoZuoxiang,0
CASIA/CASIA中文语音情感识别/CASIA database/ZhaoZuoxiang/happy/220.wav,happy,ZhaoZuoxiang,0
CASIA/CASIA中文语音情感识别/CASIA database/ZhaoZuoxiang/happy/221.wav,happy,ZhaoZuoxiang,0
CASIA/CASIA中文语音情感识别/CASIA database/ZhaoZuoxiang/happy/222.wav,happy,ZhaoZuoxiang,0
CASIA/CASIA中文语音情感识别/CASIA database/ZhaoZuoxiang/happy/223.wav,happy,ZhaoZuoxiang,0
CASIA/CASIA中文语音情感识别/CASIA database/ZhaoZuoxiang/happy/224.wav,happy,ZhaoZuoxiang,0
CASIA/CASIA中文语音情感识别/CASIA database/ZhaoZuoxiang/happy/225.wav,happy,ZhaoZuoxiang,0
CASIA/CASIA中文语音情感识别/CASIA database/ZhaoZuoxiang/happy/226.wav,happy,ZhaoZuoxiang,0
CASIA/CASIA中文语音情感识别/CASIA database/ZhaoZuoxiang/happy/227.wav,happy,ZhaoZuoxiang,0
CASIA/CASIA中文语音情感识别/CASIA database/ZhaoZuoxiang/happy/228.wav,happy,ZhaoZuoxiang,0
CASIA/CASIA中文语音情感识别/CASIA database/ZhaoZuoxiang/happy/229.wav,happy,ZhaoZuoxiang,0
CASIA/CASIA中文语音情感识别/CASIA database/ZhaoZuoxiang/happy/230.wav,happy,ZhaoZuoxiang,0
CASIA/CASIA中文语音情感识别/CASIA database/ZhaoZuoxiang/happy/231.wav,happy,ZhaoZuoxiang,0
CASIA/CASIA中文语音情感识别/CASIA database/ZhaoZuoxiang/happy/232.wav,happy,ZhaoZuoxiang,0
CASIA/CASIA中文语音情感识别/CASIA database/ZhaoZuoxiang/happy/233.wav,happy,ZhaoZuoxiang,0
CASIA/CASIA中文语音情感识别/CASIA database/ZhaoZuoxiang/happy/234.wav,happy,ZhaoZuoxiang,0
CASIA/CASIA中文语音情感识别/CASIA database/ZhaoZuoxiang/happy/235.wav,happy,ZhaoZuoxiang,0
CASIA/CASIA中文语音情感识别/CASIA database/ZhaoZuoxiang/happy/236.wav,happy,ZhaoZuoxiang,0
CASIA/CASIA中文语音情感识别/CASIA database/ZhaoZuoxiang/happy/237.wav,happy,ZhaoZuoxiang,0
CASIA/CASIA中文语音情感识别/CASIA database/ZhaoZuoxiang/happy/238.wav,happy,ZhaoZuoxiang,0
CASIA/CASIA中文语音情感识别/CASIA database/ZhaoZuoxiang/happy/239.wav,happy,ZhaoZuoxiang,0
CASIA/CASIA中文语音情感识别/CASIA database/ZhaoZuoxiang/happy/240.wav,happy,ZhaoZuoxiang,0
CASIA/CASIA中文语音情感识别/CASIA database/ZhaoZuoxiang/happy/241.wav,happy,ZhaoZuoxiang,0
CASIA/CASIA中文语音情感识别/CASIA database/ZhaoZuoxiang/happy/242.wav,happy,ZhaoZuoxiang,0
CASIA/CASIA中文语音情感识别/CASIA database/ZhaoZuoxiang/happy/243.wav,happy,ZhaoZuoxiang,0
CASIA/CASIA中文语音情感识别/CASIA database/ZhaoZuoxiang/happy/244.wav,happy,ZhaoZuoxiang,0
CASIA/CASIA中文语音情感识别/CASIA database/ZhaoZuoxiang/happy/245.wav,happy,ZhaoZuoxiang,0
CASIA/CASIA中文语音情感识别/CASIA database/ZhaoZuoxiang/happy/246.wav,happy,ZhaoZuoxiang,0
CASIA/CASIA中文语音情感识别/CASIA database/ZhaoZuoxiang/happy/247.wav,happy,ZhaoZuoxiang,0
CASIA/CASIA中文语音情感识别/CASIA database/ZhaoZuoxiang/happy/248.wav,happy,ZhaoZuoxiang,0
CASIA/CASIA中文语音情感识别/CASIA database/ZhaoZuoxiang/happy/249.wav,happy,ZhaoZuoxiang,0
CASIA/CASIA中文语音情感识别/CASIA database/ZhaoZuoxiang/happy/250.wav,happy,ZhaoZuoxiang,0
CASIA/CASIA中文语音情感识别/CASIA database/ZhaoZuoxiang/neutral/201.wav,neutral,ZhaoZuoxiang,0
CASIA/CASIA中文语音情感识别/CASIA database/ZhaoZuoxiang/neutral/202.wav,neutral,ZhaoZuoxiang,0
CASIA/CASIA中文语音情感识别/CASIA database/ZhaoZuoxiang/neutral/203.wav,neutral,ZhaoZuoxiang,0
CASIA/CASIA中文语音情感识别/CASIA database/ZhaoZuoxiang/neutral/204.wav,neutral,ZhaoZuoxiang,0
CASIA/CASIA中文语音情感识别/CASIA database/ZhaoZuoxiang/neutral/205.wav,neutral,ZhaoZuoxiang,0
CASIA/CASIA中文语音情感识别/CASIA database/ZhaoZuoxiang/neutral/206.wav,neutral,ZhaoZuoxiang,0
CASIA/CASIA中文语音情感识别/CASIA database/ZhaoZuoxiang/neutral/207.wav,neutral,ZhaoZuoxiang,0
CASIA/CASIA中文语音情感识别/CASIA database/ZhaoZuoxiang/neutral/208.wav,neutral,ZhaoZuoxiang,0
CASIA/CASIA中文语音情感识别/CASIA database/ZhaoZuoxiang/neutral/209.wav,neutral,ZhaoZuoxiang,0
CASIA/CASIA中文语音情感识别/CASIA database/ZhaoZuoxiang/neutral/210.wav,neutral,ZhaoZuoxiang,0
CASIA/CASIA中文语音情感识别/CASIA database/ZhaoZuoxiang/neutral/211.wav,neutral,ZhaoZuoxiang,0
CASIA/CASIA中文语音情感识别/CASIA database/ZhaoZuoxiang/neutral/212.wav,neutral,ZhaoZuoxiang,0
CASIA/CASIA中文语音情感识别/CASIA database/ZhaoZuoxiang/neutral/213.wav,neutral,ZhaoZuoxiang,0
CASIA/CASIA中文语音情感识别/CASIA database/ZhaoZuoxiang/neutral/214.wav,neutral,ZhaoZuoxiang,0
CASIA/CASIA中文语音情感识别/CASIA database/ZhaoZuoxiang/neutral/215.wav,neutral,ZhaoZuoxiang,0
CASIA/CASIA中文语音情感识别/CASIA database/ZhaoZuoxiang/neutral/216.wav,neutral,ZhaoZuoxiang,0
CASIA/CASIA中文语音情感识别/CASIA database/ZhaoZuoxiang/neutral/217.wav,neutral,ZhaoZuoxiang,0
CASIA/CASIA中文语音情感识别/CASIA database/ZhaoZuoxiang/neutral/218.wav,neutral,ZhaoZuoxiang,0
CASIA/CASIA中文语音情感识别/CASIA database/ZhaoZuoxiang/neutral/219.wav,neutral,ZhaoZuoxiang,0
CASIA/CASIA中文语音情感识别/CASIA database/ZhaoZuoxiang/neutral/220.wav,neutral,ZhaoZuoxiang,0
CASIA/CASIA中文语音情感识别/CASIA database/ZhaoZuoxiang/neutral/221.wav,neutral,ZhaoZuoxiang,0
CASIA/CASIA中文语音情感识别/CASIA database/ZhaoZuoxiang/neutral/222.wav,neutral,ZhaoZuoxiang,0
CASIA/CASIA中文语音情感识别/CASIA database/ZhaoZuoxiang/neutral/223.wav,neutral,ZhaoZuoxiang,0
CASIA/CASIA中文语音情感识别/CASIA database/ZhaoZuoxiang/neutral/224.wav,neutral,ZhaoZuoxiang,0
CASIA/CASIA中文语音情感识别/CASIA database/ZhaoZuoxiang/neutral/225.wav,neutral,ZhaoZuoxiang,0
CASIA/CASIA中文语音情感识别/CASIA database/ZhaoZuoxiang/neutral/226.wav,neutral,ZhaoZuoxiang,0
CASIA/CASIA中文语音情感识别/CASIA database/ZhaoZuoxiang/neutral/227.wav,neutral,ZhaoZuoxiang,0
CASIA/CASIA中文语音情感识别/CASIA database/ZhaoZuoxiang/neutral/228.wav,neutral,ZhaoZuoxiang,0
CASIA/CASIA中文语音情感识别/CASIA database/ZhaoZuoxiang/neutral/229.wav,neutral,ZhaoZuoxiang,0
CASIA/CASIA中文语音情感识别/CASIA database/ZhaoZuoxiang/neutral/230.wav,neutral,ZhaoZuoxiang,0
CASIA/CASIA中文语音情感识别/CASIA database/ZhaoZuoxiang/neutral/231.wav,neutral,ZhaoZuoxiang,0
CASIA/CASIA中文语音情感识别/CASIA database/ZhaoZuoxiang/neutral/232.wav,neutral,ZhaoZuoxiang,0
CASIA/CASIA中文语音情感识别/CASIA database/ZhaoZuoxiang/neutral/233.wav,neutral,ZhaoZuoxiang,0
CASIA/CASIA中文语音情感识别/CASIA database/ZhaoZuoxiang/neutral/234.wav,neutral,ZhaoZuoxiang,0
CASIA/CASIA中文语音情感识别/CASIA database/ZhaoZuoxiang/neutral/235.wav,neutral,ZhaoZuoxiang,0
CASIA/CASIA中文语音情感识别/CASIA database/ZhaoZuoxiang/neutral/236.wav,neutral,ZhaoZuoxiang,0
CASIA/CASIA中文语音情感识别/CASIA database/ZhaoZuoxiang/neutral/237.wav,neutral,ZhaoZuoxiang,0
CASIA/CASIA中文语音情感识别/CASIA database/ZhaoZuoxiang/neutral/238.wav,neutral,ZhaoZuoxiang,0
CASIA/CASIA中文语音情感识别/CASIA database/ZhaoZuoxiang/neutral/239.wav,neutral,ZhaoZuoxiang,0
CASIA/CASIA中文语音情感识别/CASIA database/ZhaoZuoxiang/neutral/240.wav,neutral,ZhaoZuoxiang,0
CASIA/CASIA中文语音情感识别/CASIA database/ZhaoZuoxiang/neutral/241.wav,neutral,ZhaoZuoxiang,0
CASIA/CASIA中文语音情感识别/CASIA database/ZhaoZuoxiang/neutral/242.wav,neutral,ZhaoZuoxiang,0
CASIA/CASIA中文语音情感识别/CASIA database/ZhaoZuoxiang/neutral/243.wav,neutral,ZhaoZuoxiang,0
CASIA/CASIA中文语音情感识别/CASIA database/ZhaoZuoxiang/neutral/244.wav,neutral,ZhaoZuoxiang,0
CASIA/CASIA中文语音情感识别/CASIA database/ZhaoZuoxiang/neutral/245.wav,neutral,ZhaoZuoxiang,0
CASIA/CASIA中文语音情感识别/CASIA database/ZhaoZuoxiang/neutral/246.wav,neutral,ZhaoZuoxiang,0
CASIA/CASIA中文语音情感识别/CASIA database/ZhaoZuoxiang/neutral/247.wav,neutral,ZhaoZuoxiang,0
CASIA/CASIA中文语音情感识别/CASIA database/ZhaoZuoxiang/neutral/248.wav,neutral,ZhaoZuoxiang,0
CASIA/CASIA中文语音情感识别/CASIA database/ZhaoZuoxiang/neutral/249.wav,neutral,ZhaoZuoxiang,0
CASIA/CASIA中文语音情感识别/CASIA database/ZhaoZuoxiang/neutral/250.wav,neutral,ZhaoZuoxiang,0
CASIA/CASIA中文语音情感识别/CASIA database/ZhaoZuoxiang/sad/201.wav,sad,ZhaoZuoxiang,0
CASIA/CASIA中文语音情感识别/CASIA database/ZhaoZuoxiang/sad/202.wav,sad,ZhaoZuoxiang,0
CASIA/CASIA中文语音情感识别/CASIA database/ZhaoZuoxiang/sad/203.wav,sad,ZhaoZuoxiang,0
CASIA/CASIA中文语音情感识别/CASIA database/ZhaoZuoxiang/sad/204.wav,sad,ZhaoZuoxiang,0
CASIA/CASIA中文语音情感识别/CASIA database/ZhaoZuoxiang/sad/205.wav,sad,ZhaoZuoxiang,0
CASIA/CASIA中文语音情感识别/CASIA database/ZhaoZuoxiang/sad/206.wav,sad,ZhaoZuoxiang,0
CASIA/CASIA中文语音情感识别/CASIA database/ZhaoZuoxiang/sad/207.wav,sad,ZhaoZuoxiang,0
CASIA/CASIA中文语音情感识别/CASIA database/ZhaoZuoxiang/sad/208.wav,sad,ZhaoZuoxiang,0
CASIA/CASIA中文语音情感识别/CASIA database/ZhaoZuoxiang/sad/209.wav,sad,ZhaoZuoxiang,0
CASIA/CASIA中文语音情感识别/CASIA database/ZhaoZuoxiang/sad/210.wav,sad,ZhaoZuoxiang,0
CASIA/CASIA中文语音情感识别/CASIA database/ZhaoZuoxiang/sad/211.wav,sad,ZhaoZuoxiang,0
CASIA/CASIA中文语音情感识别/CASIA database/ZhaoZuoxiang/sad/212.wav,sad,ZhaoZuoxiang,0
CASIA/CASIA中文语音情感识别/CASIA database/ZhaoZuoxiang/sad/213.wav,sad,ZhaoZuoxiang,0
CASIA/CASIA中文语音情感识别/CASIA database/ZhaoZuoxiang/sad/214.wav,sad,ZhaoZuoxiang,0
CASIA/CASIA中文语音情感识别/CASIA database/ZhaoZuoxiang/sad/215.wav,sad,ZhaoZuoxiang,0
CASIA/CASIA中文语音情感识别/CASIA database/ZhaoZuoxiang/sad/216.wav,sad,ZhaoZuoxiang,0
CASIA/CASIA中文语音情感识别/CASIA database/ZhaoZuoxiang/sad/217.wav,sad,ZhaoZuoxiang,0
CASIA/CASIA中文语音情感识别/CASIA database/ZhaoZuoxiang/sad/218.wav,sad,ZhaoZuoxiang,0
CASIA/CASIA中文语音情感识别/CASIA database/ZhaoZuoxiang/sad/219.wav,sad,ZhaoZuoxiang,0
CASIA/CASIA中文语音情感识别/CASIA database/ZhaoZuoxiang/sad/220.wav,sad,ZhaoZuoxiang,0
CASIA/CASIA中文语音情感识别/CASIA database/ZhaoZuoxiang/sad/221.wav,sad,ZhaoZuoxiang,0
CASIA/CASIA中文语音情感识别/CASIA database/ZhaoZuoxiang/sad/222.wav,sad,ZhaoZuoxiang,0
CASIA/CASIA中文语音情感识别/CASIA database/ZhaoZuoxiang/sad/223.wav,sad,ZhaoZuoxiang,0
CASIA/CASIA中文语音情感识别/CASIA database/ZhaoZuoxiang/sad/224.wav,sad,ZhaoZuoxiang,0
CASIA/CASIA中文语音情感识别/CASIA database/ZhaoZuoxiang/sad/225.wav,sad,ZhaoZuoxiang,0
CASIA/CASIA中文语音情感识别/CASIA database/ZhaoZuoxiang/sad/226.wav,sad,ZhaoZuoxiang,0
CASIA/CASIA中文语音情感识别/CASIA database/ZhaoZuoxiang/sad/227.wav,sad,ZhaoZuoxiang,0
CASIA/CASIA中文语音情感识别/CASIA database/ZhaoZuoxiang/sad/228.wav,sad,ZhaoZuoxiang,0
CASIA/CASIA中文语音情感识别/CASIA database/ZhaoZuoxiang/sad/229.wav,sad,ZhaoZuoxiang,0
CASIA/CASIA中文语音情感识别/CASIA database/ZhaoZuoxiang/sad/230.wav,sad,ZhaoZuoxiang,0
CASIA/CASIA中文语音情感识别/CASIA database/ZhaoZuoxiang/sad/231.wav,sad,ZhaoZuoxiang,0
CASIA/CASIA中文语音情感识别/CASIA database/ZhaoZuoxiang/sad/232.wav,sad,ZhaoZuoxiang,0
CASIA/CASIA中文语音情感识别/CASIA database/ZhaoZuoxiang/sad/233.wav,sad,ZhaoZuoxiang,0
CASIA/CASIA中文语音情感识别/CASIA database/ZhaoZuoxiang/sad/234.wav,sad,ZhaoZuoxiang,0
CASIA/CASIA中文语音情感识别/CASIA database/ZhaoZuoxiang/sad/235.wav,sad,ZhaoZuoxiang,0
CASIA/CASIA中文语音情感识别/CASIA database/ZhaoZuoxiang/sad/236.wav,sad,ZhaoZuoxiang,0
CASIA/CASIA中文语音情感识别/CASIA database/ZhaoZuoxiang/sad/237.wav,sad,ZhaoZuoxiang,0
CASIA/CASIA中文语音情感识别/CASIA database/ZhaoZuoxiang/sad/238.wav,sad,ZhaoZuoxiang,0
CASIA/CASIA中文语音情感识别/CASIA database/ZhaoZuoxiang/sad/239.wav,sad,ZhaoZuoxiang,0
CASIA/CASIA中文语音情感识别/CASIA database/ZhaoZuoxiang/sad/240.wav,sad,ZhaoZuoxiang,0
CASIA/CASIA中文语音情感识别/CASIA database/ZhaoZuoxiang/sad/241.wav,sad,ZhaoZuoxiang,0
CASIA/CASIA中文语音情感识别/CASIA database/ZhaoZuoxiang/sad/242.wav,sad,ZhaoZuoxiang,0
CASIA/CASIA中文语音情感识别/CASIA database/ZhaoZuoxiang/sad/243.wav,sad,ZhaoZuoxiang,0
CASIA/CASIA中文语音情感识别/CASIA database/ZhaoZuoxiang/sad/244.wav,sad,ZhaoZuoxiang,0
CASIA/CASIA中文语音情感识别/CASIA database/ZhaoZuoxiang/sad/245.wav,sad,ZhaoZuoxiang,0
CASIA/CASIA中文语音情感识别/CASIA database/ZhaoZuoxiang/sad/246.wav,sad,ZhaoZuoxiang,0
CASIA/CASIA中文语音情感识别/CASIA database/ZhaoZuoxiang/sad/247.wav,sad,ZhaoZuoxiang,0
CASIA/CASIA中文语音情感识别/CASIA database/ZhaoZuoxiang/sad/248.wav,sad,ZhaoZuoxiang,0
CASIA/CASIA中文语音情感识别/CASIA database/ZhaoZuoxiang/sad/249.wav,sad,ZhaoZuoxiang,0
CASIA/CASIA中文语音情感识别/CASIA database/ZhaoZuoxiang/sad/250.wav,sad,ZhaoZuoxiang,0
CASIA/CASIA中文语音情感识别/CASIA database/ZhaoZuoxiang/surprise/201.wav,surprise,ZhaoZuoxiang,0
CASIA/CASIA中文语音情感识别/CASIA database/ZhaoZuoxiang/surprise/202.wav,surprise,ZhaoZuoxiang,0
CASIA/CASIA中文语音情感识别/CASIA database/ZhaoZuoxiang/surprise/203.wav,surprise,ZhaoZuoxiang,0
CASIA/CASIA中文语音情感识别/CASIA database/ZhaoZuoxiang/surprise/204.wav,surprise,ZhaoZuoxiang,0
CASIA/CASIA中文语音情感识别/CASIA database/ZhaoZuoxiang/surprise/205.wav,surprise,ZhaoZuoxiang,0
CASIA/CASIA中文语音情感识别/CASIA database/ZhaoZuoxiang/surprise/206.wav,surprise,ZhaoZuoxiang,0
CASIA/CASIA中文语音情感识别/CASIA database/ZhaoZuoxiang/surprise/207.wav,surprise,ZhaoZuoxiang,0
CASIA/CASIA中文语音情感识别/CASIA database/ZhaoZuoxiang/surprise/208.wav,surprise,ZhaoZuoxiang,0
CASIA/CASIA中文语音情感识别/CASIA database/ZhaoZuoxiang/surprise/209.wav,surprise,ZhaoZuoxiang,0
CASIA/CASIA中文语音情感识别/CASIA database/ZhaoZuoxiang/surprise/210.wav,surprise,ZhaoZuoxiang,0
CASIA/CASIA中文语音情感识别/CASIA database/ZhaoZuoxiang/surprise/211.wav,surprise,ZhaoZuoxiang,0
CASIA/CASIA中文语音情感识别/CASIA database/ZhaoZuoxiang/surprise/212.wav,surprise,ZhaoZuoxiang,0
CASIA/CASIA中文语音情感识别/CASIA database/ZhaoZuoxiang/surprise/213.wav,surprise,ZhaoZuoxiang,0
CASIA/CASIA中文语音情感识别/CASIA database/ZhaoZuoxiang/surprise/214.wav,surprise,ZhaoZuoxiang,0
CASIA/CASIA中文语音情感识别/CASIA database/ZhaoZuoxiang/surprise/215.wav,surprise,ZhaoZuoxiang,0
CASIA/CASIA中文语音情感识别/CASIA database/ZhaoZuoxiang/surprise/216.wav,surprise,ZhaoZuoxiang,0
CASIA/CASIA中文语音情感识别/CASIA database/ZhaoZuoxiang/surprise/217.wav,surprise,ZhaoZuoxiang,0
CASIA/CASIA中文语音情感识别/CASIA database/ZhaoZuoxiang/surprise/218.wav,surprise,ZhaoZuoxiang,0
CASIA/CASIA中文语音情感识别/CASIA database/ZhaoZuoxiang/surprise/219.wav,surprise,ZhaoZuoxiang,0
CASIA/CASIA中文语音情感识别/CASIA database/ZhaoZuoxiang/surprise/220.wav,surprise,ZhaoZuoxiang,0
CASIA/CASIA中文语音情感识别/CASIA database/ZhaoZuoxiang/surprise/221.wav,surprise,ZhaoZuoxiang,0
CASIA/CASIA中文语音情感识别/CASIA database/ZhaoZuoxiang/surprise/222.wav,surprise,ZhaoZuoxiang,0
CASIA/CASIA中文语音情感识别/CASIA database/ZhaoZuoxiang/surprise/223.wav,surprise,ZhaoZuoxiang,0
CASIA/CASIA中文语音情感识别/CASIA database/ZhaoZuoxiang/surprise/224.wav,surprise,ZhaoZuoxiang,0
CASIA/CASIA中文语音情感识别/CASIA database/ZhaoZuoxiang/surprise/225.wav,surprise,ZhaoZuoxiang,0
CASIA/CASIA中文语音情感识别/CASIA database/ZhaoZuoxiang/surprise/226.wav,surprise,ZhaoZuoxiang,0
CASIA/CASIA中文语音情感识别/CASIA database/ZhaoZuoxiang/surprise/227.wav,surprise,ZhaoZuoxiang,0
CASIA/CASIA中文语音情感识别/CASIA database/ZhaoZuoxiang/surprise/228.wav,surprise,ZhaoZuoxiang,0
CASIA/CASIA中文语音情感识别/CASIA database/ZhaoZuoxiang/surprise/229.wav,surprise,ZhaoZuoxiang,0
CASIA/CASIA中文语音情感识别/CASIA database/ZhaoZuoxiang/surprise/230.wav,surprise,ZhaoZuoxiang,0
CASIA/CASIA中文语音情感识别/CASIA database/ZhaoZuoxiang/surprise/231.wav,surprise,ZhaoZuoxiang,0
CASIA/CASIA中文语音情感识别/CASIA database/ZhaoZuoxiang/surprise/232.wav,surprise,ZhaoZuoxiang,0
CASIA/CASIA中文语音情感识别/CASIA database/ZhaoZuoxiang/surprise/233.wav,surprise,ZhaoZuoxiang,0
CASIA/CASIA中文语音情感识别/CASIA database/ZhaoZuoxiang/surprise/234.wav,surprise,ZhaoZuoxiang,0
CASIA/CASIA中文语音情感识别/CASIA database/ZhaoZuoxiang/surprise/235.wav,surprise,ZhaoZuoxiang,0
CASIA/CASIA中文语音情感识别/CASIA database/ZhaoZuoxiang/surprise/236.wav,surprise,ZhaoZuoxiang,0
CASIA/CASIA中文语音情感识别/CASIA database/ZhaoZuoxiang/surprise/237.wav,surprise,ZhaoZuoxiang,0
CASIA/CASIA中文语音情感识别/CASIA database/ZhaoZuoxiang/surprise/238.wav,surprise,ZhaoZuoxiang,0
CASIA/CASIA中文语音情感识别/CASIA database/ZhaoZuoxiang/surprise/239.wav,surprise,ZhaoZuoxiang,0
CASIA/CASIA中文语音情感识别/CASIA database/ZhaoZuoxiang/surprise/240.wav,surprise,ZhaoZuoxiang,0
CASIA/CASIA中文语音情感识别/CASIA database/ZhaoZuoxiang/surprise/241.wav,surprise,ZhaoZuoxiang,0
CASIA/CASIA中文语音情感识别/CASIA database/ZhaoZuoxiang/surprise/242.wav,surprise,ZhaoZuoxiang,0
CASIA/CASIA中文语音情感识别/CASIA database/ZhaoZuoxiang/surprise/243.wav,surprise,ZhaoZuoxiang,0
CASIA/CASIA中文语音情感识别/CASIA database/ZhaoZuoxiang/surprise/244.wav,surprise,ZhaoZuoxiang,0
CASIA/CASIA中文语音情感识别/CASIA database/ZhaoZuoxiang/surprise/245.wav,surprise,ZhaoZuoxiang,0
CASIA/CASIA中文语音情感识别/CASIA database/ZhaoZuoxiang/surprise/246.wav,surprise,ZhaoZuoxiang,0
CASIA/CASIA中文语音情感识别/CASIA database/ZhaoZuoxiang/surprise/247.wav,surprise,ZhaoZuoxiang,0
CASIA/CASIA中文语音情感识别/CASIA database/ZhaoZuoxiang/surprise/248.wav,surprise,ZhaoZuoxiang,0
CASIA/CASIA中文语音情感识别/CASIA database/ZhaoZuoxiang/surprise/249.wav,surprise,ZhaoZuoxiang,0
CASIA/CASIA中文语音情感识别/CASIA database/ZhaoZuoxiang/surprise/250.wav,surprise,ZhaoZuoxiang,0
CASIA/CASIA中文语音情感识别/CASIA database/liuchanhg/angry/201.wav,angry,liuchanhg,0
CASIA/CASIA中文语音情感识别/CASIA database/liuchanhg/angry/202.wav,angry,liuchanhg,0
CASIA/CASIA中文语音情感识别/CASIA database/liuchanhg/angry/203.wav,angry,liuchanhg,0
CASIA/CASIA中文语音情感识别/CASIA database/liuchanhg/angry/204.wav,angry,liuchanhg,0
CASIA/CASIA中文语音情感识别/CASIA database/liuchanhg/angry/205.wav,angry,liuchanhg,0
CASIA/CASIA中文语音情感识别/CASIA database/liuchanhg/angry/206.wav,angry,liuchanhg,0
CASIA/CASIA中文语音情感识别/CASIA database/liuchanhg/angry/207.wav,angry,liuchanhg,0
CASIA/CASIA中文语音情感识别/CASIA database/liuchanhg/angry/208.wav,angry,liuchanhg,0
CASIA/CASIA中文语音情感识别/CASIA database/liuchanhg/angry/209.wav,angry,liuchanhg,0
CASIA/CASIA中文语音情感识别/CASIA database/liuchanhg/angry/210.wav,angry,liuchanhg,0
CASIA/CASIA中文语音情感识别/CASIA database/liuchanhg/angry/211.wav,angry,liuchanhg,0
CASIA/CASIA中文语音情感识别/CASIA database/liuchanhg/angry/212.wav,angry,liuchanhg,0
CASIA/CASIA中文语音情感识别/CASIA database/liuchanhg/angry/213.wav,angry,liuchanhg,0
CASIA/CASIA中文语音情感识别/CASIA database/liuchanhg/angry/214.wav,angry,liuchanhg,0
CASIA/CASIA中文语音情感识别/CASIA database/liuchanhg/angry/215.wav,angry,liuchanhg,0
CASIA/CASIA中文语音情感识别/CASIA database/liuchanhg/angry/216.wav,angry,liuchanhg,0
CASIA/CASIA中文语音情感识别/CASIA database/liuchanhg/angry/217.wav,angry,liuchanhg,0
CASIA/CASIA中文语音情感识别/CASIA database/liuchanhg/angry/218.wav,angry,liuchanhg,0
CASIA/CASIA中文语音情感识别/CASIA database/liuchanhg/angry/219.wav,angry,liuchanhg,0
CASIA/CASIA中文语音情感识别/CASIA database/liuchanhg/angry/220.wav,angry,liuchanhg,0
CASIA/CASIA中文语音情感识别/CASIA database/liuchanhg/angry/221.wav,angry,liuchanhg,0
CASIA/CASIA中文语音情感识别/CASIA database/liuchanhg/angry/222.wav,angry,liuchanhg,0
CASIA/CASIA中文语音情感识别/CASIA database/liuchanhg/angry/223.wav,angry,liuchanhg,0
CASIA/CASIA中文语音情感识别/CASIA database/liuchanhg/angry/224.wav,angry,liuchanhg,0
CASIA/CASIA中文语音情感识别/CASIA database/liuchanhg/angry/225.wav,angry,liuchanhg,0
CASIA/CASIA中文语音情感识别/CASIA database/liuchanhg/angry/226.wav,angry,liuchanhg,0
CASIA/CASIA中文语音情感识别/CASIA database/liuchanhg/angry/227.wav,angry,liuchanhg,0
CASIA/CASIA中文语音情感识别/CASIA database/liuchanhg/angry/228.wav,angry,liuchanhg,0
CASIA/CASIA中文语音情感识别/CASIA database/liuchanhg/angry/229.wav,angry,liuchanhg,0
CASIA/CASIA中文语音情感识别/CASIA database/liuchanhg/angry/230.wav,angry,liuchanhg,0
CASIA/CASIA中文语音情感识别/CASIA database/liuchanhg/angry/231.wav,angry,liuchanhg,0
CASIA/CASIA中文语音情感识别/CASIA database/liuchanhg/angry/232.wav,angry,liuchanhg,0
CASIA/CASIA中文语音情感识别/CASIA database/liuchanhg/angry/233.wav,angry,liuchanhg,0
CASIA/CASIA中文语音情感识别/CASIA database/liuchanhg/angry/234.wav,angry,liuchanhg,0
CASIA/CASIA中文语音情感识别/CASIA database/liuchanhg/angry/235.wav,angry,liuchanhg,0
CASIA/CASIA中文语音情感识别/CASIA database/liuchanhg/angry/236.wav,angry,liuchanhg,0
CASIA/CASIA中文语音情感识别/CASIA database/liuchanhg/angry/237.wav,angry,liuchanhg,0
CASIA/CASIA中文语音情感识别/CASIA database/liuchanhg/angry/238.wav,angry,liuchanhg,0
CASIA/CASIA中文语音情感识别/CASIA database/liuchanhg/angry/239.wav,angry,liuchanhg,0
CASIA/CASIA中文语音情感识别/CASIA database/liuchanhg/angry/240.wav,angry,liuchanhg,0
CASIA/CASIA中文语音情感识别/CASIA database/liuchanhg/angry/241.wav,angry,liuchanhg,0
CASIA/CASIA中文语音情感识别/CASIA database/liuchanhg/angry/242.wav,angry,liuchanhg,0
CASIA/CASIA中文语音情感识别/CASIA database/liuchanhg/angry/243.wav,angry,liuchanhg,0
CASIA/CASIA中文语音情感识别/CASIA database/liuchanhg/angry/244.wav,angry,liuchanhg,0
CASIA/CASIA中文语音情感识别/CASIA database/liuchanhg/angry/245.wav,angry,liuchanhg,0
CASIA/CASIA中文语音情感识别/CASIA database/liuchanhg/angry/246.wav,angry,liuchanhg,0
CASIA/CASIA中文语音情感识别/CASIA database/liuchanhg/angry/247.wav,angry,liuchanhg,0
CASIA/CASIA中文语音情感识别/CASIA database/liuchanhg/angry/248.wav,angry,liuchanhg,0
CASIA/CASIA中文语音情感识别/CASIA database/liuchanhg/angry/249.wav,angry,liuchanhg,0
CASIA/CASIA中文语音情感识别/CASIA database/liuchanhg/angry/250.wav,angry,liuchanhg,0
CASIA/CASIA中文语音情感识别/CASIA database/liuchanhg/fear/201.wav,fear,liuchanhg,0
CASIA/CASIA中文语音情感识别/CASIA database/liuchanhg/fear/202.wav,fear,liuchanhg,0
CASIA/CASIA中文语音情感识别/CASIA database/liuchanhg/fear/203.wav,fear,liuchanhg,0
CASIA/CASIA中文语音情感识别/CASIA database/liuchanhg/fear/204.wav,fear,liuchanhg,0
CASIA/CASIA中文语音情感识别/CASIA database/liuchanhg/fear/205.wav,fear,liuchanhg,0
CASIA/CASIA中文语音情感识别/CASIA database/liuchanhg/fear/206.wav,fear,liuchanhg,0
CASIA/CASIA中文语音情感识别/CASIA database/liuchanhg/fear/207.wav,fear,liuchanhg,0
CASIA/CASIA中文语音情感识别/CASIA database/liuchanhg/fear/208.wav,fear,liuchanhg,0
CASIA/CASIA中文语音情感识别/CASIA database/liuchanhg/fear/209.wav,fear,liuchanhg,0
CASIA/CASIA中文语音情感识别/CASIA database/liuchanhg/fear/210.wav,fear,liuchanhg,0
CASIA/CASIA中文语音情感识别/CASIA database/liuchanhg/fear/211.wav,fear,liuchanhg,0
CASIA/CASIA中文语音情感识别/CASIA database/liuchanhg/fear/212.wav,fear,liuchanhg,0
CASIA/CASIA中文语音情感识别/CASIA database/liuchanhg/fear/213.wav,fear,liuchanhg,0
CASIA/CASIA中文语音情感识别/CASIA database/liuchanhg/fear/214.wav,fear,liuchanhg,0
CASIA/CASIA中文语音情感识别/CASIA database/liuchanhg/fear/215.wav,fear,liuchanhg,0
CASIA/CASIA中文语音情感识别/CASIA database/liuchanhg/fear/216.wav,fear,liuchanhg,0
CASIA/CASIA中文语音情感识别/CASIA database/liuchanhg/fear/217.wav,fear,liuchanhg,0
CASIA/CASIA中文语音情感识别/CASIA database/liuchanhg/fear/218.wav,fear,liuchanhg,0
CASIA/CASIA中文语音情感识别/CASIA database/liuchanhg/fear/219.wav,fear,liuchanhg,0
CASIA/CASIA中文语音情感识别/CASIA database/liuchanhg/fear/220.wav,fear,liuchanhg,0
CASIA/CASIA中文语音情感识别/CASIA database/liuchanhg/fear/221.wav,fear,liuchanhg,0
CASIA/CASIA中文语音情感识别/CASIA database/liuchanhg/fear/222.wav,fear,liuchanhg,0
CASIA/CASIA中文语音情感识别/CASIA database/liuchanhg/fear/223.wav,fear,liuchanhg,0
CASIA/CASIA中文语音情感识别/CASIA database/liuchanhg/fear/224.wav,fear,liuchanhg,0
CASIA/CASIA中文语音情感识别/CASIA database/liuchanhg/fear/225.wav,fear,liuchanhg,0
CASIA/CASIA中文语音情感识别/CASIA database/liuchanhg/fear/226.wav,fear,liuchanhg,0
CASIA/CASIA中文语音情感识别/CASIA database/liuchanhg/fear/227.wav,fear,liuchanhg,0
CASIA/CASIA中文语音情感识别/CASIA database/liuchanhg/fear/228.wav,fear,liuchanhg,0
CASIA/CASIA中文语音情感识别/CASIA database/liuchanhg/fear/229.wav,fear,liuchanhg,0
CASIA/CASIA中文语音情感识别/CASIA database/liuchanhg/fear/230.wav,fear,liuchanhg,0
CASIA/CASIA中文语音情感识别/CASIA database/liuchanhg/fear/231.wav,fear,liuchanhg,0
CASIA/CASIA中文语音情感识别/CASIA database/liuchanhg/fear/232.wav,fear,liuchanhg,0
CASIA/CASIA中文语音情感识别/CASIA database/liuchanhg/fear/233.wav,fear,liuchanhg,0
CASIA/CASIA中文语音情感识别/CASIA database/liuchanhg/fear/234.wav,fear,liuchanhg,0
CASIA/CASIA中文语音情感识别/CASIA database/liuchanhg/fear/235.wav,fear,liuchanhg,0
CASIA/CASIA中文语音情感识别/CASIA database/liuchanhg/fear/236.wav,fear,liuchanhg,0
CASIA/CASIA中文语音情感识别/CASIA database/liuchanhg/fear/237.wav,fear,liuchanhg,0
CASIA/CASIA中文语音情感识别/CASIA database/liuchanhg/fear/238.wav,fear,liuchanhg,0
CASIA/CASIA中文语音情感识别/CASIA database/liuchanhg/fear/239.wav,fear,liuchanhg,0
CASIA/CASIA中文语音情感识别/CASIA database/liuchanhg/fear/240.wav,fear,liuchanhg,0
CASIA/CASIA中文语音情感识别/CASIA database/liuchanhg/fear/241.wav,fear,liuchanhg,0
CASIA/CASIA中文语音情感识别/CASIA database/liuchanhg/fear/242.wav,fear,liuchanhg,0
CASIA/CASIA中文语音情感识别/CASIA database/liuchanhg/fear/243.wav,fear,liuchanhg,0
CASIA/CASIA中文语音情感识别/CASIA database/liuchanhg/fear/244.wav,fear,liuchanhg,0
CASIA/CASIA中文语音情感识别/CASIA database/liuchanhg/fear/245.wav,fear,liuchanhg,0
CASIA/CASIA中文语音情感识别/CASIA database/liuchanhg/fear/246.wav,fear,liuchanhg,0
CASIA/CASIA中文语音情感识别/CASIA database/liuchanhg/fear/247.wav,fear,liuchanhg,0
CASIA/CASIA中文语音情感识别/CASIA database/liuchanhg/fear/248.wav,fear,liuchanhg,0
CASIA/CASIA中文语音情感识别/CASIA database/liuchanhg/fear/249.wav,fear,liuchanhg,0
CASIA/CASIA中文语音情感识别/CASIA database/liuchanhg/fear/250.wav,fear,liuchanhg,0
CASIA/CASIA中文语音情感识别/CASIA database/liuchanhg/happy/201.wav,happy,liuchanhg,0
CASIA/CASIA中文语音情感识别/CASIA database/liuchanhg/happy/202.wav,happy,liuchanhg,0
CASIA/CASIA中文语音情感识别/CASIA database/liuchanhg/happy/203.wav,happy,liuchanhg,0
CASIA/CASIA中文语音情感识别/CASIA database/liuchanhg/happy/204.wav,happy,liuchanhg,0
CASIA/CASIA中文语音情感识别/CASIA database/liuchanhg/happy/205.wav,happy,liuchanhg,0
CASIA/CASIA中文语音情感识别/CASIA database/liuchanhg/happy/206.wav,happy,liuchanhg,0
CASIA/CASIA中文语音情感识别/CASIA database/liuchanhg/happy/207.wav,happy,liuchanhg,0
CASIA/CASIA中文语音情感识别/CASIA database/liuchanhg/happy/208.wav,happy,liuchanhg,0
CASIA/CASIA中文语音情感识别/CASIA database/liuchanhg/happy/209.wav,happy,liuchanhg,0
CASIA/CASIA中文语音情感识别/CASIA database/liuchanhg/happy/210.wav,happy,liuchanhg,0
CASIA/CASIA中文语音情感识别/CASIA database/liuchanhg/happy/211.wav,happy,liuchanhg,0
CASIA/CASIA中文语音情感识别/CASIA database/liuchanhg/happy/212.wav,happy,liuchanhg,0
CASIA/CASIA中文语音情感识别/CASIA database/liuchanhg/happy/213.wav,happy,liuchanhg,0
CASIA/CASIA中文语音情感识别/CASIA database/liuchanhg/happy/214.wav,happy,liuchanhg,0
CASIA/CASIA中文语音情感识别/CASIA database/liuchanhg/happy/215.wav,happy,liuchanhg,0
CASIA/CASIA中文语音情感识别/CASIA database/liuchanhg/happy/216.wav,happy,liuchanhg,0
CASIA/CASIA中文语音情感识别/CASIA database/liuchanhg/happy/217.wav,happy,liuchanhg,0
CASIA/CASIA中文语音情感识别/CASIA database/liuchanhg/happy/218.wav,happy,liuchanhg,0
CASIA/CASIA中文语音情感识别/CASIA database/liuchanhg/happy/219.wav,happy,liuchanhg,0
CASIA/CASIA中文语音情感识别/CASIA database/liuchanhg/happy/220.wav,happy,liuchanhg,0
CASIA/CASIA中文语音情感识别/CASIA database/liuchanhg/happy/221.wav,happy,liuchanhg,0
CASIA/CASIA中文语音情感识别/CASIA database/liuchanhg/happy/222.wav,happy,liuchanhg,0
CASIA/CASIA中文语音情感识别/CASIA database/liuchanhg/happy/223.wav,happy,liuchanhg,0
CASIA/CASIA中文语音情感识别/CASIA database/liuchanhg/happy/224.wav,happy,liuchanhg,0
CASIA/CASIA中文语音情感识别/CASIA database/liuchanhg/happy/225.wav,happy,liuchanhg,0
CASIA/CASIA中文语音情感识别/CASIA database/liuchanhg/happy/226.wav,happy,liuchanhg,0
CASIA/CASIA中文语音情感识别/CASIA database/liuchanhg/happy/227.wav,happy,liuchanhg,0
CASIA/CASIA中文语音情感识别/CASIA database/liuchanhg/happy/228.wav,happy,liuchanhg,0
CASIA/CASIA中文语音情感识别/CASIA database/liuchanhg/happy/229.wav,happy,liuchanhg,0
CASIA/CASIA中文语音情感识别/CASIA database/liuchanhg/happy/230.wav,happy,liuchanhg,0
CASIA/CASIA中文语音情感识别/CASIA database/liuchanhg/happy/231.wav,happy,liuchanhg,0
CASIA/CASIA中文语音情感识别/CASIA database/liuchanhg/happy/232.wav,happy,liuchanhg,0
CASIA/CASIA中文语音情感识别/CASIA database/liuchanhg/happy/233.wav,happy,liuchanhg,0
CASIA/CASIA中文语音情感识别/CASIA database/liuchanhg/happy/234.wav,happy,liuchanhg,0
CASIA/CASIA中文语音情感识别/CASIA database/liuchanhg/happy/235.wav,happy,liuchanhg,0
CASIA/CASIA中文语音情感识别/CASIA database/liuchanhg/happy/236.wav,happy,liuchanhg,0
CASIA/CASIA中文语音情感识别/CASIA database/liuchanhg/happy/237.wav,happy,liuchanhg,0
CASIA/CASIA中文语音情感识别/CASIA database/liuchanhg/happy/238.wav,happy,liuchanhg,0
CASIA/CASIA中文语音情感识别/CASIA database/liuchanhg/happy/239.wav,happy,liuchanhg,0
CASIA/CASIA中文语音情感识别/CASIA database/liuchanhg/happy/240.wav,happy,liuchanhg,0
CASIA/CASIA中文语音情感识别/CASIA database/liuchanhg/happy/241.wav,happy,liuchanhg,0
CASIA/CASIA中文语音情感识别/CASIA database/liuchanhg/happy/242.wav,happy,liuchanhg,0
CASIA/CASIA中文语音情感识别/CASIA database/liuchanhg/happy/243.wav,happy,liuchanhg,0
CASIA/CASIA中文语音情感识别/CASIA database/liuchanhg/happy/244.wav,happy,liuchanhg,0
CASIA/CASIA中文语音情感识别/CASIA database/liuchanhg/happy/245.wav,happy,liuchanhg,0
CASIA/CASIA中文语音情感识别/CASIA database/liuchanhg/happy/246.wav,happy,liuchanhg,0
CASIA/CASIA中文语音情感识别/CASIA database/liuchanhg/happy/247.wav,happy,liuchanhg,0
CASIA/CASIA中文语音情感识别/CASIA database/liuchanhg/happy/248.wav,happy,liuchanhg,0
CASIA/CASIA中文语音情感识别/CASIA database/liuchanhg/happy/249.wav,happy,liuchanhg,0
CASIA/CASIA中文语音情感识别/CASIA database/liuchanhg/happy/250.wav,happy,liuchanhg,0
CASIA/CASIA中文语音情感识别/CASIA database/liuchanhg/neutral/201.wav,neutral,liuchanhg,0
CASIA/CASIA中文语音情感识别/CASIA database/liuchanhg/neutral/202.wav,neutral,liuchanhg,0
CASIA/CASIA中文语音情感识别/CASIA database/liuchanhg/neutral/203.wav,neutral,liuchanhg,0
CASIA/CASIA中文语音情感识别/CASIA database/liuchanhg/neutral/204.wav,neutral,liuchanhg,0
CASIA/CASIA中文语音情感识别/CASIA database/liuchanhg/neutral/205.wav,neutral,liuchanhg,0
CASIA/CASIA中文语音情感识别/CASIA database/liuchanhg/neutral/206.wav,neutral,liuchanhg,0
CASIA/CASIA中文语音情感识别/CASIA database/liuchanhg/neutral/207.wav,neutral,liuchanhg,0
CASIA/CASIA中文语音情感识别/CASIA database/liuchanhg/neutral/208.wav,neutral,liuchanhg,0
CASIA/CASIA中文语音情感识别/CASIA database/liuchanhg/neutral/209.wav,neutral,liuchanhg,0
CASIA/CASIA中文语音情感识别/CASIA database/liuchanhg/neutral/210.wav,neutral,liuchanhg,0
CASIA/CASIA中文语音情感识别/CASIA database/liuchanhg/neutral/211.wav,neutral,liuchanhg,0
CASIA/CASIA中文语音情感识别/CASIA database/liuchanhg/neutral/212.wav,neutral,liuchanhg,0
CASIA/CASIA中文语音情感识别/CASIA database/liuchanhg/neutral/213.wav,neutral,liuchanhg,0
CASIA/CASIA中文语音情感识别/CASIA database/liuchanhg/neutral/214.wav,neutral,liuchanhg,0
CASIA/CASIA中文语音情感识别/CASIA database/liuchanhg/neutral/215.wav,neutral,liuchanhg,0
CASIA/CASIA中文语音情感识别/CASIA database/liuchanhg/neutral/216.wav,neutral,liuchanhg,0
CASIA/CASIA中文语音情感识别/CASIA database/liuchanhg/neutral/217.wav,neutral,liuchanhg,0
CASIA/CASIA中文语音情感识别/CASIA database/liuchanhg/neutral/218.wav,neutral,liuchanhg,0
CASIA/CASIA中文语音情感识别/CASIA database/liuchanhg/neutral/219.wav,neutral,liuchanhg,0
CASIA/CASIA中文语音情感识别/CASIA database/liuchanhg/neutral/220.wav,neutral,liuchanhg,0
CASIA/CASIA中文语音情感识别/CASIA database/liuchanhg/neutral/221.wav,neutral,liuchanhg,0
CASIA/CASIA中文语音情感识别/CASIA database/liuchanhg/neutral/222.wav,neutral,liuchanhg,0
CASIA/CASIA中文语音情感识别/CASIA database/liuchanhg/neutral/223.wav,neutral,liuchanhg,0
CASIA/CASIA中文语音情感识别/CASIA database/liuchanhg/neutral/224.wav,neutral,liuchanhg,0
CASIA/CASIA中文语音情感识别/CASIA database/liuchanhg/neutral/225.wav,neutral,liuchanhg,0
CASIA/CASIA中文语音情感识别/CASIA database/liuchanhg/neutral/226.wav,neutral,liuchanhg,0
CASIA/CASIA中文语音情感识别/CASIA database/liuchanhg/neutral/227.wav,neutral,liuchanhg,0
CASIA/CASIA中文语音情感识别/CASIA database/liuchanhg/neutral/228.wav,neutral,liuchanhg,0
CASIA/CASIA中文语音情感识别/CASIA database/liuchanhg/neutral/229.wav,neutral,liuchanhg,0
CASIA/CASIA中文语音情感识别/CASIA database/liuchanhg/neutral/230.wav,neutral,liuchanhg,0
CASIA/CASIA中文语音情感识别/CASIA database/liuchanhg/neutral/231.wav,neutral,liuchanhg,0
CASIA/CASIA中文语音情感识别/CASIA database/liuchanhg/neutral/232.wav,neutral,liuchanhg,0
CASIA/CASIA中文语音情感识别/CASIA database/liuchanhg/neutral/233.wav,neutral,liuchanhg,0
CASIA/CASIA中文语音情感识别/CASIA database/liuchanhg/neutral/234.wav,neutral,liuchanhg,0
CASIA/CASIA中文语音情感识别/CASIA database/liuchanhg/neutral/235.wav,neutral,liuchanhg,0
CASIA/CASIA中文语音情感识别/CASIA database/liuchanhg/neutral/236.wav,neutral,liuchanhg,0
CASIA/CASIA中文语音情感识别/CASIA database/liuchanhg/neutral/237.wav,neutral,liuchanhg,0
CASIA/CASIA中文语音情感识别/CASIA database/liuchanhg/neutral/238.wav,neutral,liuchanhg,0
CASIA/CASIA中文语音情感识别/CASIA database/liuchanhg/neutral/239.wav,neutral,liuchanhg,0
CASIA/CASIA中文语音情感识别/CASIA database/liuchanhg/neutral/240.wav,neutral,liuchanhg,0
CASIA/CASIA中文语音情感识别/CASIA database/liuchanhg/neutral/241.wav,neutral,liuchanhg,0
CASIA/CASIA中文语音情感识别/CASIA database/liuchanhg/neutral/242.wav,neutral,liuchanhg,0
CASIA/CASIA中文语音情感识别/CASIA database/liuchanhg/neutral/243.wav,neutral,liuchanhg,0
CASIA/CASIA中文语音情感识别/CASIA database/liuchanhg/neutral/244.wav,neutral,liuchanhg,0
CASIA/CASIA中文语音情感识别/CASIA database/liuchanhg/neutral/245.wav,neutral,liuchanhg,0
CASIA/CASIA中文语音情感识别/CASIA database/liuchanhg/neutral/246.wav,neutral,liuchanhg,0
CASIA/CASIA中文语音情感识别/CASIA database/liuchanhg/neutral/247.wav,neutral,liuchanhg,0
CASIA/CASIA中文语音情感识别/CASIA database/liuchanhg/neutral/248.wav,neutral,liuchanhg,0
CASIA/CASIA中文语音情感识别/CASIA database/liuchanhg/neutral/249.wav,neutral,liuchanhg,0
CASIA/CASIA中文语音情感识别/CASIA database/liuchanhg/neutral/250.wav,neutral,liuchanhg,0
CASIA/CASIA中文语音情感识别/CASIA database/liuchanhg/sad/201.wav,sad,liuchanhg,0
CASIA/CASIA中文语音情感识别/CASIA database/liuchanhg/sad/202.wav,sad,liuchanhg,0
CASIA/CASIA中文语音情感识别/CASIA database/liuchanhg/sad/203.wav,sad,liuchanhg,0
CASIA/CASIA中文语音情感识别/CASIA database/liuchanhg/sad/204.wav,sad,liuchanhg,0
CASIA/CASIA中文语音情感识别/CASIA database/liuchanhg/sad/205.wav,sad,liuchanhg,0
CASIA/CASIA中文语音情感识别/CASIA database/liuchanhg/sad/206.wav,sad,liuchanhg,0
CASIA/CASIA中文语音情感识别/CASIA database/liuchanhg/sad/207.wav,sad,liuchanhg,0
CASIA/CASIA中文语音情感识别/CASIA database/liuchanhg/sad/208.wav,sad,liuchanhg,0
CASIA/CASIA中文语音情感识别/CASIA database/liuchanhg/sad/209.wav,sad,liuchanhg,0
CASIA/CASIA中文语音情感识别/CASIA database/liuchanhg/sad/210.wav,sad,liuchanhg,0
CASIA/CASIA中文语音情感识别/CASIA database/liuchanhg/sad/211.wav,sad,liuchanhg,0
CASIA/CASIA中文语音情感识别/CASIA database/liuchanhg/sad/212.wav,sad,liuchanhg,0
CASIA/CASIA中文语音情感识别/CASIA database/liuchanhg/sad/213.wav,sad,liuchanhg,0
CASIA/CASIA中文语音情感识别/CASIA database/liuchanhg/sad/214.wav,sad,liuchanhg,0
CASIA/CASIA中文语音情感识别/CASIA database/liuchanhg/sad/215.wav,sad,liuchanhg,0
CASIA/CASIA中文语音情感识别/CASIA database/liuchanhg/sad/216.wav,sad,liuchanhg,0
CASIA/CASIA中文语音情感识别/CASIA database/liuchanhg/sad/217.wav,sad,liuchanhg,0
CASIA/CASIA中文语音情感识别/CASIA database/liuchanhg/sad/218.wav,sad,liuchanhg,0
CASIA/CASIA中文语音情感识别/CASIA database/liuchanhg/sad/219.wav,sad,liuchanhg,0
CASIA/CASIA中文语音情感识别/CASIA database/liuchanhg/sad/220.wav,sad,liuchanhg,0
CASIA/CASIA中文语音情感识别/CASIA database/liuchanhg/sad/221.wav,sad,liuchanhg,0
CASIA/CASIA中文语音情感识别/CASIA database/liuchanhg/sad/222.wav,sad,liuchanhg,0
CASIA/CASIA中文语音情感识别/CASIA database/liuchanhg/sad/223.wav,sad,liuchanhg,0
CASIA/CASIA中文语音情感识别/CASIA database/liuchanhg/sad/224.wav,sad,liuchanhg,0
CASIA/CASIA中文语音情感识别/CASIA database/liuchanhg/sad/225.wav,sad,liuchanhg,0
CASIA/CASIA中文语音情感识别/CASIA database/liuchanhg/sad/226.wav,sad,liuchanhg,0
CASIA/CASIA中文语音情感识别/CASIA database/liuchanhg/sad/227.wav,sad,liuchanhg,0
CASIA/CASIA中文语音情感识别/CASIA database/liuchanhg/sad/228.wav,sad,liuchanhg,0
CASIA/CASIA中文语音情感识别/CASIA database/liuchanhg/sad/229.wav,sad,liuchanhg,0
CASIA/CASIA中文语音情感识别/CASIA database/liuchanhg/sad/230.wav,sad,liuchanhg,0
CASIA/CASIA中文语音情感识别/CASIA database/liuchanhg/sad/231.wav,sad,liuchanhg,0
CASIA/CASIA中文语音情感识别/CASIA database/liuchanhg/sad/232.wav,sad,liuchanhg,0
CASIA/CASIA中文语音情感识别/CASIA database/liuchanhg/sad/233.wav,sad,liuchanhg,0
CASIA/CASIA中文语音情感识别/CASIA database/liuchanhg/sad/234.wav,sad,liuchanhg,0
CASIA/CASIA中文语音情感识别/CASIA database/liuchanhg/sad/235.wav,sad,liuchanhg,0
CASIA/CASIA中文语音情感识别/CASIA database/liuchanhg/sad/236.wav,sad,liuchanhg,0
CASIA/CASIA中文语音情感识别/CASIA database/liuchanhg/sad/237.wav,sad,liuchanhg,0
CASIA/CASIA中文语音情感识别/CASIA database/liuchanhg/sad/238.wav,sad,liuchanhg,0
CASIA/CASIA中文语音情感识别/CASIA database/liuchanhg/sad/239.wav,sad,liuchanhg,0
CASIA/CASIA中文语音情感识别/CASIA database/liuchanhg/sad/240.wav,sad,liuchanhg,0
CASIA/CASIA中文语音情感识别/CASIA database/liuchanhg/sad/241.wav,sad,liuchanhg,0
CASIA/CASIA中文语音情感识别/CASIA database/liuchanhg/sad/242.wav,sad,liuchanhg,0
CASIA/CASIA中文语音情感识别/CASIA database/liuchanhg/sad/243.wav,sad,liuchanhg,0
CASIA/CASIA中文语音情感识别/CASIA database/liuchanhg/sad/244.wav,sad,liuchanhg,0
CASIA/CASIA中文语音情感识别/CASIA database/liuchanhg/sad/245.wav,sad,liuchanhg,0
CASIA/CASIA中文语音情感识别/CASIA database/liuchanhg/sad/246.wav,sad,liuchanhg,0
CASIA/CASIA中文语音情感识别/CASIA database/liuchanhg/sad/247.wav,sad,liuchanhg,0
CASIA/CASIA中文语音情感识别/CASIA database/liuchanhg/sad/248.wav,sad,liuchanhg,0
CASIA/CASIA中文语音情感识别/CASIA database/liuchanhg/sad/249.wav,sad,liuchanhg,0
CASIA/CASIA中文语音情感识别/CASIA database/liuchanhg/sad/250.wav,sad,liuchanhg,0
CASIA/CASIA中文语音情感识别/CASIA database/liuchanhg/surprise/201.wav,surprise,liuchanhg,0
CASIA/CASIA中文语音情感识别/CASIA database/liuchanhg/surprise/202.wav,surprise,liuchanhg,0
CASIA/CASIA中文语音情感识别/CASIA database/liuchanhg/surprise/203.wav,surprise,liuchanhg,0
CASIA/CASIA中文语音情感识别/CASIA database/liuchanhg/surprise/204.wav,surprise,liuchanhg,0
CASIA/CASIA中文语音情感识别/CASIA database/liuchanhg/surprise/205.wav,surprise,liuchanhg,0
CASIA/CASIA中文语音情感识别/CASIA database/liuchanhg/surprise/206.wav,surprise,liuchanhg,0
CASIA/CASIA中文语音情感识别/CASIA database/liuchanhg/surprise/207.wav,surprise,liuchanhg,0
CASIA/CASIA中文语音情感识别/CASIA database/liuchanhg/surprise/208.wav,surprise,liuchanhg,0
CASIA/CASIA中文语音情感识别/CASIA database/liuchanhg/surprise/209.wav,surprise,liuchanhg,0
CASIA/CASIA中文语音情感识别/CASIA database/liuchanhg/surprise/210.wav,surprise,liuchanhg,0
CASIA/CASIA中文语音情感识别/CASIA database/liuchanhg/surprise/211.wav,surprise,liuchanhg,0
CASIA/CASIA中文语音情感识别/CASIA database/liuchanhg/surprise/212.wav,surprise,liuchanhg,0
CASIA/CASIA中文语音情感识别/CASIA database/liuchanhg/surprise/213.wav,surprise,liuchanhg,0
CASIA/CASIA中文语音情感识别/CASIA database/liuchanhg/surprise/214.wav,surprise,liuchanhg,0
CASIA/CASIA中文语音情感识别/CASIA database/liuchanhg/surprise/215.wav,surprise,liuchanhg,0
CASIA/CASIA中文语音情感识别/CASIA database/liuchanhg/surprise/216.wav,surprise,liuchanhg,0
CASIA/CASIA中文语音情感识别/CASIA database/liuchanhg/surprise/217.wav,surprise,liuchanhg,0
CASIA/CASIA中文语音情感识别/CASIA database/liuchanhg/surprise/218.wav,surprise,liuchanhg,0
CASIA/CASIA中文语音情感识别/CASIA database/liuchanhg/surprise/219.wav,surprise,liuchanhg,0
CASIA/CASIA中文语音情感识别/CASIA database/liuchanhg/surprise/220.wav,surprise,liuchanhg,0
CASIA/CASIA中文语音情感识别/CASIA database/liuchanhg/surprise/221.wav,surprise,liuchanhg,0
CASIA/CASIA中文语音情感识别/CASIA database/liuchanhg/surprise/222.wav,surprise,liuchanhg,0
CASIA/CASIA中文语音情感识别/CASIA database/liuchanhg/surprise/223.wav,surprise,liuchanhg,0
CASIA/CASIA中文语音情感识别/CASIA database/liuchanhg/surprise/224.wav,surprise,liuchanhg,0
CASIA/CASIA中文语音情感识别/CASIA database/liuchanhg/surprise/225.wav,surprise,liuchanhg,0
CASIA/CASIA中文语音情感识别/CASIA database/liuchanhg/surprise/226.wav,surprise,liuchanhg,0
CASIA/CASIA中文语音情感识别/CASIA database/liuchanhg/surprise/227.wav,surprise,liuchanhg,0
CASIA/CASIA中文语音情感识别/CASIA database/liuchanhg/surprise/228.wav,surprise,liuchanhg,0
CASIA/CASIA中文语音情感识别/CASIA database/liuchanhg/surprise/229.wav,surprise,liuchanhg,0
CASIA/CASIA中文语音情感识别/CASIA database/liuchanhg/surprise/230.wav,surprise,liuchanhg,0
CASIA/CASIA中文语音情感识别/CASIA database/liuchanhg/surprise/231.wav,surprise,liuchanhg,0
CASIA/CASIA中文语音情感识别/CASIA database/liuchanhg/surprise/232.wav,surprise,liuchanhg,0
CASIA/CASIA中文语音情感识别/CASIA database/liuchanhg/surprise/233.wav,surprise,liuchanhg,0
CASIA/CASIA中文语音情感识别/CASIA database/liuchanhg/surprise/234.wav,surprise,liuchanhg,0
CASIA/CASIA中文语音情感识别/CASIA database/liuchanhg/surprise/235.wav,surprise,liuchanhg,0
CASIA/CASIA中文语音情感识别/CASIA database/liuchanhg/surprise/236.wav,surprise,liuchanhg,0
CASIA/CASIA中文语音情感识别/CASIA database/liuchanhg/surprise/237.wav,surprise,liuchanhg,0
CASIA/CASIA中文语音情感识别/CASIA database/liuchanhg/surprise/238.wav,surprise,liuchanhg,0
CASIA/CASIA中文语音情感识别/CASIA database/liuchanhg/surprise/239.wav,surprise,liuchanhg,0
CASIA/CASIA中文语音情感识别/CASIA database/liuchanhg/surprise/240.wav,surprise,liuchanhg,0
CASIA/CASIA中文语音情感识别/CASIA database/liuchanhg/surprise/241.wav,surprise,liuchanhg,0
CASIA/CASIA中文语音情感识别/CASIA database/liuchanhg/surprise/242.wav,surprise,liuchanhg,0
CASIA/CASIA中文语音情感识别/CASIA database/liuchanhg/surprise/243.wav,surprise,liuchanhg,0
CASIA/CASIA中文语音情感识别/CASIA database/liuchanhg/surprise/244.wav,surprise,liuchanhg,0
CASIA/CASIA中文语音情感识别/CASIA database/liuchanhg/surprise/245.wav,surprise,liuchanhg,0
CASIA/CASIA中文语音情感识别/CASIA database/liuchanhg/surprise/246.wav,surprise,liuchanhg,0
CASIA/CASIA中文语音情感识别/CASIA database/liuchanhg/surprise/247.wav,surprise,liuchanhg,0
CASIA/CASIA中文语音情感识别/CASIA database/liuchanhg/surprise/248.wav,surprise,liuchanhg,0
CASIA/CASIA中文语音情感识别/CASIA database/liuchanhg/surprise/249.wav,surprise,liuchanhg,0
CASIA/CASIA中文语音情感识别/CASIA database/liuchanhg/surprise/250.wav,surprise,liuchanhg,0
